CRWD,NVDA,AVGO,TSLA,PANW,MSFT,AMZN,AB,AAPL,GOOGL,V,DIS
1.614360079380669504e+02,4.667093811468156161e+01,8.997233028904099683e+01,2.645190474340117817e+02,2.510802661437183474e+02,3.354912847154954534e+02,1.319361114331415763e+02,3.216144075484638165e+01,1.961469507745989063e+02,1.315915662768926779e+02,2.389494233205188038e+02,8.893004711515060023e+01
1.678734324939161695e+02,4.688238102314178946e+01,9.203610689966939162e+01,2.596236558232886296e+02,2.539274146247415729e+02,3.361138982410014933e+02,1.310266378877533384e+02,3.320272507416338925e+01,1.959466361649302257e+02,1.298620274482340733e+02,2.409385921817017220e+02,8.915064616940399844e+01
1.569414022007595406e+02,4.444644577396479690e+01,9.025078268414816307e+01,2.569805123224944055e+02,2.369293344041811054e+02,3.307143213561465700e+02,1.292377787632840409e+02,3.289355501710078045e+01,1.937309928908757684e+02,1.290878272963570907e+02,2.369995941667624777e+02,8.572629636778034978e+01
1.596956700771688418e+02,4.459347597677189157e+01,8.827709559816653950e+01,2.604868884513381886e+02,2.404946140023275234e+02,3.287034567458567835e+02,1.289888837133023571e+02,3.251426353988677675e+01,1.918468843564295412e+02,1.293033431380835054e+02,2.402162925931786503e+02,8.665831403508919095e+01
1.541794592965829622e+02,4.493488867268591491e+01,8.918501758125117362e+01,2.558130869294744230e+02,2.211284783315594495e+02,3.321160162323500344e+02,1.428169674530715838e+02,3.185395333972290288e+01,1.843013329962787452e+02,1.307563002097594449e+02,2.409562727327613629e+02,8.627867429954279999e+01
1.524336184281134479e+02,4.560963586679095272e+01,9.019599037852587742e+01,2.510466252509874892e+02,2.173928888583134835e+02,3.354207244163842461e+02,1.440040253919071915e+02,3.122560338253855150e+01,1.798313930553728142e+02,1.333224922526460432e+02,2.427811411303276827e+02,8.863458357672057275e+01
1.493658672207098732e+02,4.500249679659957280e+01,8.914042259269965029e+01,2.491671552704333692e+02,2.142234582149384323e+02,3.315800359833336870e+02,1.409172715010344916e+02,3.076028680435791429e+01,1.814863773160816720e+02,1.328666110317307130e+02,2.414891101142544301e+02,8.864246875348145238e+01
1.493439513844519979e+02,4.276978744647179553e+01,8.449811472575683524e+01,2.431210609008308268e+02,2.160967360916458517e+02,3.253529990975523560e+02,1.402050593534715119e+02,2.991760151341575735e+01,1.797492308674319759e+02,1.300967540202169630e+02,2.406443773923143965e+02,8.672653255581280973e+01
1.544961652725158956e+02,4.229246818502157623e+01,8.417257199761398567e+01,2.445603763602548213e+02,2.158689747673671206e+02,3.256180770448502813e+02,1.386382232336074480e+02,3.011686956866535780e+01,1.780128244895370244e+02,1.306970339649239463e+02,2.389162639268286341e+02,9.014301157117287744e+01
1.502390327748803713e+02,4.080068993880134087e+01,8.241864445354767099e+01,2.446447153798278293e+02,2.184477807723830836e+02,3.220479086673150277e+02,1.387165830451639863e+02,3.047408243611073075e+01,1.779833444632714077e+02,1.293276400343014529e+02,2.398140836186216802e+02,8.931149494479488737e+01
1.581563327407070858e+02,4.374640236212891864e+01,8.659477665578307892e+01,2.451845264128289443e+02,2.206188277805358950e+02,3.259806401373665494e+02,1.422594618828737509e+02,3.009229014375695499e+01,1.803911705121883529e+02,1.324729622115376912e+02,2.433849790329967391e+02,9.118700315264105427e+01
1.494259237470641608e+02,4.371320278898747347e+01,8.430555482761991470e+01,2.406991540747836780e+02,2.150724958526361661e+02,3.223909696724282412e+02,1.388107689507894520e+02,2.968599877088458427e+01,1.785528321136773968e+02,1.300257723588239571e+02,2.417704711298361815e+02,8.872783680959483377e+01
1.518173878824395331e+02,4.300400144643744227e+01,8.317648454073295738e+01,2.236859513584995227e+02,2.151954043734920958e+02,3.208910189665572830e+02,1.355670465801436535e+02,2.966440620537065698e+01,1.767139951647574492e+02,1.287523505608045866e+02,2.391619216372605479e+02,8.530997084240799211e+01
1.426715783773136366e+02,4.298221863571603762e+01,8.228580226937523889e+01,2.183736998606170516e+02,2.048491949566486312e+02,3.168714472893624361e+02,1.332938676117444174e+02,3.017922736689502727e+01,1.733582994608520664e+02,1.292787817162737269e+02,2.382688118338381855e+02,8.488735728469244179e+01
1.488541558916588770e+02,4.354520117075718133e+01,8.230455037248010797e+01,2.168037828378346319e+02,2.114723778393612861e+02,3.188615040735049888e+02,1.346764077254946130e+02,3.075161236395883435e+01,1.742643045676084910e+02,1.278408246599693285e+02,2.383516205806538721e+02,8.559415037316682628e+01
1.545266305558643580e+02,4.715696319881747911e+01,8.649339189071925205e+01,2.303821523947264893e+02,2.415754287305160233e+02,3.224700281445973360e+02,1.329133781963145680e+02,3.045349821173785188e+01,1.765547562077156272e+02,1.276441949518019499e+02,2.399903800333230492e+02,8.637802071023092765e+01
1.568732011810255074e+02,4.591912945290323478e+01,8.644813391128658964e+01,2.350870402628137299e+02,2.360576835055462084e+02,3.251430537556142326e+02,1.350528620035496488e+02,3.051696603943678809e+01,1.793011442575412389e+02,1.293934535054146409e+02,2.404007411758672106e+02,8.427337333005786491e+01
1.565364218773644041e+02,4.707161576228758548e+01,8.714550389899223148e+01,2.367858009591458028e+02,2.343446533891468562e+02,3.255186668459119801e+02,1.352127014182530615e+02,3.054252593981402697e+01,1.796893924196893408e+02,1.312462173924119497e+02,2.400883053279052888e+02,8.457220638082623054e+01
1.448314579675806613e+02,4.681290081186747898e+01,8.544767658693491796e+01,2.370307379520152438e+02,2.266658769309002821e+02,3.185498342267496241e+02,1.323779764928587497e+02,2.985494500022733533e+01,1.760110670241427329e+02,1.300942237060157822e+02,2.396135089065191437e+02,8.208396674442104768e+01
1.488534777547380372e+02,4.618294739441209629e+01,8.507309634026782419e+01,2.379525171309782365e+02,2.323906204228359229e+02,3.223406361464113843e+02,1.338652009413565338e+02,3.043132460705231424e+01,1.779653678022019108e+02,1.290662458081851582e+02,2.399941498531576087e+02,8.375693742358846805e+01
1.444402050977466558e+02,4.661092220486514748e+01,8.607188369261712069e+01,2.371002043602639731e+02,2.304520871446261765e+02,3.256030479204305266e+02,1.322656959669417063e+02,3.111250724599316442e+01,1.802876899010416878e+02,1.305087807148671004e+02,2.437978455935941327e+02,8.296985891015731340e+01
1.477132385203730394e+02,4.912890071517220747e+01,8.909640027986347377e+01,2.584276770634493232e+02,2.354164812722519287e+02,3.302414580260038406e+02,1.349664397564295655e+02,3.177666006248588104e+01,1.844006391150076070e+02,1.344513799909398699e+02,2.447389880949073131e+02,8.499213632224352466e+01
1.480342002141590569e+02,4.900292810289541023e+01,8.869106587673930164e+01,2.547824766628156397e+02,2.376525757328801660e+02,3.280079713629174876e+02,1.346887965053486482e+02,3.108185505373939606e+01,1.867879506763602251e+02,1.355296476582173568e+02,2.441744791395409777e+02,8.365058535971590459e+01
1.636342016080851636e+02,4.922040431649620729e+01,9.187423396624970451e+01,2.562193118001915195e+02,2.420413242711184694e+02,3.272112804403606106e+02,1.373290106074211963e+02,3.101505889063909649e+01,1.876909260272068423e+02,1.359168208052280988e+02,2.460662080845611115e+02,8.326523147659889901e+01
1.612829320863346538e+02,4.872446263773749564e+01,8.810995223580847835e+01,2.485033638177934279e+02,2.428152057930914225e+02,3.299610488969057087e+02,1.388636973359807598e+02,3.130960333740451418e+01,1.900659305350187083e+02,1.347175155924836076e+02,2.480813416927159381e+02,8.116534742530943447e+01
1.680902847502523230e+02,4.865957704869903466e+01,8.698944877804785847e+01,2.567857948550827132e+02,2.487579857707847282e+02,3.347221744765553808e+02,1.383876563969912752e+02,3.261557586096643035e+01,1.901683158248947052e+02,1.357586881545107076e+02,2.460285098933352117e+02,8.133082130804943688e+01
1.685099123430853183e+02,4.735782484512468216e+01,8.748518400250939919e+01,2.548306286267737448e+02,2.452797024376066020e+02,3.338224203456141481e+02,1.362215610538036685e+02,3.233326954846518220e+01,1.839838951770097140e+02,1.347533909445576796e+02,2.454558172509710516e+02,7.985387848712981906e+01
1.708633161997566674e+02,4.678218114196552335e+01,8.642352905552057507e+01,2.558503764859194973e+02,2.451248027639475993e+02,3.310051670835566711e+02,1.378496310082041134e+02,3.270875581355396378e+01,1.791334904521702924e+02,1.357711436451920690e+02,2.469958925243901433e+02,8.054879739885176093e+01
1.731344728988464396e+02,4.575996446992711242e+01,8.559079873661494275e+01,2.532303866167676460e+02,2.493199881640369711e+02,3.360230955901373591e+02,1.398695576137321837e+02,3.220602570317637969e+01,1.794339774401180136e+02,1.376482640487263041e+02,2.470825030359536356e+02,8.059471985565714647e+01
1.766133305684501238e+02,4.567962044058979387e+01,8.644977883510216543e+01,2.773456047047712900e+02,2.537392140508917748e+02,3.401350628037153001e+02,1.443968081455982428e+02,3.238203602680453486e+01,1.809437165433269286e+02,1.379543918535854345e+02,2.473356507420985508e+02,8.229663449433044775e+01
1.712766745243356183e+02,4.473957366685500858e+01,8.499846253127660134e+01,2.717825673858493474e+02,2.442345432660834206e+02,3.326557152127602421e+02,1.418055863650155288e+02,3.237032696637210449e+01,1.769476196405663586e+02,1.366859937058815433e+02,2.461315572531961209e+02,8.343721200462006493e+01
1.683306139771997607e+02,4.531683425269822862e+01,8.482034836029164637e+01,2.716102791804710250e+02,2.443459151255787560e+02,3.351445276008876135e+02,1.445818330074855567e+02,3.189064233316381802e+01,1.744489684758385124e+02,1.366320621655419529e+02,2.469900250223827527e+02,8.317745370909983649e+01
1.736038936333655727e+02,4.535301189960469515e+01,8.728820214815502254e+01,2.807347016280373282e+02,2.450036503926618536e+02,3.414653979830121102e+02,1.459778157721160596e+02,3.268120636225260967e+01,1.768836323632448284e+02,1.392283495408714771e+02,2.410678129692643381e+02,8.465453415155467098e+01
1.633424615013750554e+02,4.395348331150969301e+01,8.480914416103419740e+01,2.752291766424070829e+02,2.391069384615459228e+02,3.290506720006339947e+02,1.386640098461406296e+02,3.269966758610509316e+01,1.739286204909452351e+02,1.361314141845290919e+02,2.397206146469924022e+02,8.406693950107622015e+01
1.673484265967226747e+02,4.369883210476226054e+01,8.438659224861051200e+01,2.646995110179696553e+02,2.393058400029788970e+02,3.276362664911615639e+02,1.400075273304877328e+02,3.205562695686658969e+01,1.770674247919464506e+02,1.378091980361912761e+02,2.430339111693344876e+02,8.424644651867828316e+01
1.642013897228317489e+02,4.329971531351671388e+01,8.472005955806744737e+01,2.635612488709298873e+02,2.356061695704922556e+02,3.292003651331682477e+02,1.381013306179442566e+02,3.233952535617288504e+01,1.785833559891240157e+02,1.380480417389994159e+02,2.428163790101571351e+02,8.126684970012523479e+01
1.636046204914159148e+02,4.230972340502056284e+01,8.304473054688530453e+01,2.585139861544377027e+02,2.349036376190969406e+02,3.207407067889173504e+02,1.346632780710256156e+02,3.179437638473622485e+01,1.743160559126883413e+02,1.333490896827763663e+02,2.409954635102750444e+02,8.088069577289429901e+01
1.616403326819911683e+02,4.099460047250518357e+01,8.092240478863342901e+01,2.550563023629964903e+02,2.262334145864074344e+02,3.202770117621150803e+02,1.291591131541923687e+02,3.179723540852721086e+01,1.741364065184195908e+02,1.300970753451229029e+02,2.366681205402688022e+02,8.203758969621301844e+01
1.613026242612474448e+02,4.166187456248860599e+01,8.270111649837633649e+01,2.430776729222233712e+02,2.283186986881036944e+02,3.178253792616980036e+02,1.287942304304270635e+02,3.128461398871101551e+01,1.741633283199469417e+02,1.299587731093581624e+02,2.353464733511216025e+02,8.152273624639680349e+01
1.600344798279526515e+02,4.225463778152462169e+01,8.370020436701534550e+01,2.497096821182335873e+02,2.266117976478886646e+02,3.188707204499551153e+02,1.315814288588993293e+02,3.126796489516946309e+01,1.764539496319095235e+02,1.315733647259658028e+02,2.347218601744004332e+02,8.161532565220416302e+01
1.587810019957810255e+02,4.170365338058621774e+01,8.147074155189656608e+01,2.417116088965670997e+02,2.273198416640971686e+02,3.130427836311808960e+02,1.261255837178027406e+02,3.095455370068701839e+01,1.713247594751039458e+02,1.289341442868931153e+02,2.294633037254749865e+02,7.886897377575667178e+01
1.625999496366042081e+02,4.223896188224045289e+01,8.133123975743521328e+01,2.386016492851140924e+02,2.314483722422909580e+02,3.122454359400998101e+02,1.253940255831077621e+02,3.061119213711006992e+01,1.709060921334007901e+02,1.305922907016889383e+02,2.309778768073810795e+02,7.903569833082841001e+01
1.673233495701911409e+02,4.324913620285315830e+01,8.339630696498795714e+01,2.483322710721377575e+02,2.363451089200026445e+02,3.152595469001286688e+02,1.268679263299772657e+02,3.090334118783671968e+01,1.712289300044719198e+02,1.322524637291228373e+02,2.314114170592210655e+02,7.984683029620066463e+01
1.705365729425010386e+02,4.369941335759779122e+01,8.345334993249078082e+01,2.521789104116751332e+02,2.354808954362314353e+02,3.174625816943253085e+02,1.275652587432725511e+02,3.066347849522044910e+01,1.716643477911748050e+02,1.311408775453657540e+02,2.301218242600717474e+02,8.051394214893467449e+01
1.679264209067141280e+02,4.452136214044382712e+01,8.338990623880359010e+01,2.519368962723836205e+02,2.359685750985711934e+02,3.204626908304585982e+02,1.287454685598127355e+02,3.036829190918064825e+01,1.737144004445284509e+02,1.337160493281922413e+02,2.314957506246376795e+02,8.159970507080890911e+01
1.612839396180428935e+02,4.333004242760371483e+01,8.145901477556068926e+01,2.465202901426332005e+02,2.321852933608794274e+02,3.137516652742414180e+02,1.244383574206534320e+02,3.031833623115753795e+01,1.718111882376630604e+02,1.316677837327220573e+02,2.290666060494730800e+02,7.910558483649879236e+01
1.632074504334636913e+02,4.387554896531199944e+01,8.183235121902933429e+01,2.586823890350292459e+02,2.352847092667948061e+02,3.184383037042506430e+02,1.265591453452218929e+02,3.063170903323609551e+01,1.729021184868974217e+02,1.347192176146950828e+02,2.300755398058008723e+02,7.877752401665954096e+01
1.666571627180863686e+02,4.462896024182910537e+01,8.249546748552043596e+01,2.625669895841095922e+02,2.382625959257289026e+02,3.205966859408026153e+02,1.262244901240946575e+02,3.116279653580868825e+01,1.751524771482469589e+02,1.353157462013284089e+02,2.331185449939825389e+02,8.041227615055920808e+01
1.780158942218554898e+02,4.578795169515970542e+01,8.442696389322901496e+01,2.597836360954993324e+02,2.472533276678761922e+02,3.268774708188593650e+02,1.274808286373820607e+02,3.106915003201568126e+01,1.777882529114198178e+02,1.369622863740575269e+02,2.355411626810430903e+02,8.326286784882981351e+01
1.837636381675308712e+02,4.517087820627291705e+01,8.551400975323480225e+01,2.625040813803282163e+02,2.521529782370499788e+02,3.297453739433627788e+02,1.281436966973443532e+02,3.134362331013257119e+01,1.794739165641292971e+02,1.378204378682836193e+02,2.341514719298577631e+02,8.386265288188803879e+01
1.838918648288403404e+02,4.595830281539345208e+01,8.608158584581363471e+01,2.650395001349630206e+02,2.554779748687682286e+02,3.280380379393561725e+02,1.286430873312022811e+02,3.057830836429866039e+01,1.781696002729744350e+02,1.376354785333902839e+02,2.364038175999387761e+02,8.462800284906226977e+01
1.888981843917292167e+02,4.678699442159674504e+01,8.759527419411446658e+01,2.661082678157148393e+02,2.598309075642764583e+02,3.326636294231695388e+02,1.322926406331320663e+02,3.080956555798623242e+01,1.805112769091470284e+02,1.411226387867274070e+02,2.361629109846456913e+02,8.511582865732215453e+01
1.872732832596249750e+02,4.707704284409292939e+01,9.074884394153085054e+01,2.603149028143537294e+02,2.605287196172644713e+02,3.313646237478029661e+02,1.324020587275678622e+02,3.001185549220070214e+01,1.807734215120055694e+02,1.393704335705343738e+02,2.370991353552735461e+02,8.430804058405198020e+01
1.858790140154528103e+02,4.539971531911609759e+01,8.846144789605344272e+01,2.523971551259747628e+02,2.572188449980006908e+02,3.270804276340379602e+02,1.289734557626797482e+02,2.960153009612582053e+01,1.789306540451065359e+02,1.369331174606466277e+02,2.384262954455674617e+02,8.431385092192361697e+01
1.885546368924472063e+02,4.602546558116925723e+01,9.005720209981639357e+01,2.540692549069530912e+02,2.617726390494896123e+02,3.323024288926441727e+02,1.329038337458294450e+02,3.004604909992774253e+01,1.782858076156796585e+02,1.391894764438915217e+02,2.402074162279275811e+02,8.509315099207599076e+01
1.884475117178505457e+02,4.415152206558323655e+01,8.823354275147448789e+01,2.568131215857832785e+02,2.620311346913815669e+02,3.318241307589776170e+02,1.321128933101431357e+02,3.007516905172331434e+01,1.769880574221306802e+02,1.396509569543640907e+02,2.412634499134478574e+02,8.562586831679736576e+01
1.910734592759658028e+02,4.239206220141524994e+01,8.898137223157635844e+01,2.456263671324289817e+02,2.628288432726927795e+02,3.315883711818564734e+02,1.288318074651243137e+02,2.955510025837396881e+01,1.760755672079322949e+02,1.386510073932402065e+02,2.373553536785400411e+02,8.493218876000651107e+01
1.852095371823799326e+02,4.230137696160134197e+01,8.775003780384393792e+01,2.294881005939101328e+02,2.526941793158957239e+02,3.329019826025005386e+02,1.297139099267580775e+02,2.940007629409156209e+01,1.766212091660802344e+02,1.385433000796571150e+02,2.358096558115859125e+02,8.498494335856358362e+01
1.777255243251983359e+02,4.122509009917527578e+01,8.567231543114792203e+01,2.151593060883077442e+02,2.444097074032048056e+02,3.266831044211817243e+02,1.257843404490330244e+02,2.898354233181037642e+01,1.718632355929834716e+02,1.361304728626510610e+02,2.344055638830639907e+02,8.358476103346734476e+01
1.757637803995552588e+02,4.256483868419405781e+01,8.625143091499842285e+01,2.099267319150222875e+02,2.438086819956585032e+02,3.299034191249844525e+02,1.260585998110295947e+02,2.877032658437145685e+01,1.730994066676175009e+02,1.373989625481430608e+02,2.341375337650665642e+02,8.408451698772690008e+01
1.814474546492180309e+02,4.377140057097227555e+01,8.789618384304375809e+01,2.156737161605740312e+02,2.525050050476380363e+02,3.316128205751621749e+02,1.280316590113646953e+02,2.872396929708362023e+01,1.743764239197678307e+02,1.392519210177653122e+02,2.372527813014447133e+02,8.276959294255566135e+01
1.832378045630288739e+02,4.272905630819957423e+01,8.613036361854187817e+01,2.203673011058227473e+02,2.485950637519067072e+02,3.454034273855864967e+02,1.241116477538723188e+02,2.890007015349462094e+01,1.731142662742524863e+02,1.268399865998202074e+02,2.380157282414325266e+02,7.832886525726480897e+01
1.689889199332120029e+02,4.017419877868267974e+01,8.225131986105965609e+01,1.995345462746956855e+02,2.344968346232379872e+02,3.266815426944121441e+02,1.163591164182495703e+02,2.877880518336419158e+01,1.656444577268696605e+02,1.219763528565931523e+02,2.328144708957815681e+02,7.882842179260325111e+01
1.768541549603314706e+02,4.147152569984219639e+01,8.448803133983881253e+01,2.170399727367330343e+02,2.427412960565566777e+02,3.356390626292730985e+02,1.301804593551847518e+02,2.842512355938167801e+01,1.695702906143423832e+02,1.236031825171483263e+02,2.327409895482132356e+02,8.019540367453053875e+01
1.729776904297585816e+02,4.147173120053294326e+01,8.435347002701757901e+01,2.006886292807111545e+02,2.388818296728536268e+02,3.391233963621490375e+02,1.342257832364051069e+02,2.874205081424173969e+01,1.700723109393437085e+02,1.261818570570027873e+02,2.329157098548348301e+02,8.190771569502580007e+01
1.767390822586642969e+02,4.067098185211490602e+01,8.382547927550021427e+01,2.080428029881428529e+02,2.454611220651351857e+02,3.369138293074882995e+02,1.328160144008479335e+02,2.877920352966032880e+01,1.715811658419528669e+02,1.252563520396947325e+02,2.384333511610971357e+02,8.264148157303918651e+01
1.790006273716051624e+02,4.218651244879347217e+01,8.547018178707253355e+01,2.065428481361211368e+02,2.437257387241896254e+02,3.455310962406744011e+02,1.376726053682462521e+02,2.851293064151697365e+01,1.749467646357370825e+02,1.266219275025996041e+02,2.388332024613166311e+02,8.161079838636956651e+01
1.826063102923372981e+02,4.356961608048764845e+01,8.672125392897805796e+01,2.209779769263999469e+02,2.507002239791391673e+02,3.479426430979590350e+02,1.374934624771285030e+02,2.915128403765731591e+01,1.781073733140147795e+02,1.268401265698904581e+02,2.432728658253202525e+02,8.371377864167374128e+01
1.884117625751728156e+02,4.499221607627450226e+01,8.885136580219000280e+01,2.217698664071718895e+02,2.426170305829307097e+02,3.529532988881267102e+02,1.394672006160606088e+02,2.862060682967840108e+01,1.775040704580524391e+02,1.302783095529034654e+02,2.445393468324624564e+02,8.512304825301168876e+01
1.834254971201511069e+02,4.585401612120948300e+01,8.795518674556763017e+01,2.229450838167845177e+02,2.358938698775050113e+02,3.561138865892979197e+02,1.399562921931470783e+02,2.829555417080176127e+01,1.799824985600610887e+02,1.299278908314497016e+02,2.443025591875059774e+02,8.481700287267358362e+01
1.902245289014466607e+02,4.586118132176926565e+01,8.904512706563234303e+01,2.206422436960882578e+02,2.417584453988480675e+02,3.592363627507997990e+02,1.420420792018406360e+02,2.765126223179608189e+01,1.810613856121836136e+02,1.302524784917744114e+02,2.451664358949805376e+02,8.448313008008896929e+01
1.912253003803676563e+02,4.700092979261751225e+01,9.150815422537496602e+01,2.223117807665048247e+02,2.411034224184612640e+02,3.648075189331877937e+02,1.417704130135945775e+02,2.800715469505679778e+01,1.835500693804194725e+02,1.314314480988126661e+02,2.452355896049734554e+02,8.502182216028954542e+01
1.895514291534602478e+02,4.762895522899471246e+01,9.160582732178508536e+01,2.118761780623254367e+02,2.438929031272246846e+02,3.618403983923527676e+02,1.405847268445754707e+02,2.708871695631271947e+01,1.829565431687799730e+02,1.304711163009195616e+02,2.426535528329627027e+02,9.028414475471799960e+01
1.964475341049418660e+02,4.858957306164951717e+01,9.549570265117606027e+01,2.160855991006835950e+02,2.534866421877776475e+02,3.691470334961804838e+02,1.436840790751707573e+02,2.658312663908305851e+01,1.872273534392223837e+02,1.325617446162118540e+02,2.464207571501706866e+02,8.889370189260750976e+01
2.008271434262667583e+02,4.916969079260327646e+01,9.556003969434746637e+01,2.242881020165399946e+02,2.546467621534437455e+02,3.678234240294630695e+02,1.433387944732167512e+02,2.662075059127778687e+01,1.854001837788103160e+02,1.323850146975008499e+02,2.460685744883913060e+02,9.000537764296592513e+01
2.078345611446258658e+02,5.021607195073680430e+01,9.719603689434271132e+01,2.399747772753104300e+02,2.620854905815855318e+02,3.705469794258596039e+02,1.463910548494662862e+02,2.737924613691405895e+01,1.879057322451913592e+02,1.345374773061892597e+02,2.483661089104144537e+02,9.095845614697223880e+01
2.046749291117345706e+02,4.925838657356332106e+01,9.802375593271355569e+01,2.467328904016228250e+02,2.558807468556276490e+02,3.690305725539497530e+02,1.443129260265614278e+02,2.748950617773445515e+01,1.884759256074929397e+02,1.351476237683285717e+02,2.474352619945637457e+02,9.400599301995792700e+01
2.028364491862110697e+02,4.991479099097706751e+01,9.694013291230220375e+01,2.373809747069472280e+02,2.424545519113708281e+02,3.780030717965304916e+02,1.454732364545572523e+02,2.833173885210926457e+01,1.903772861604774960e+02,1.382001211475057687e+02,2.498765372809328937e+02,9.698430369498154846e+01
2.033514932841899281e+02,4.942543363066918971e+01,9.685821621508925716e+01,2.342958235247448897e+02,2.479023898061558668e+02,3.672690715729415842e+02,1.450318471294463336e+02,2.769320415014764336e+01,1.881430928288380358e+02,1.344072432991341088e+02,2.503095925620426101e+02,9.520031915627319563e+01
2.065445257613176580e+02,5.082676035175312990e+01,1.003533014620401218e+02,2.367048343861886224e+02,2.610743667819402276e+02,3.805147665554958394e+02,1.456021693278097473e+02,2.881509184440404781e+01,1.932567699248398583e+02,1.367183006131173499e+02,2.514691373587843657e+02,9.649904107705781087e+01
2.085143552515759779e+02,5.076346669442444437e+01,9.879138994791848916e+01,2.415375334992313299e+02,2.651624414221105326e+02,3.749601223678578776e+02,1.440594597252111839e+02,2.866046289463002239e+01,1.915789967665915583e+02,1.365505603433873034e+02,2.531315168063458714e+02,9.501946906776379365e+01
2.136063709230435848e+02,4.918828621770777687e+01,9.714355617484110894e+01,2.372531797113588823e+02,2.629762376236475347e+02,3.765314517283223950e+02,1.485212821928410563e+02,2.813144096166681507e+01,1.917729903045995457e+02,1.394219726226136800e+02,2.546969919287493838e+02,9.445595387019524480e+01
2.111681440177896434e+02,4.804993560057332047e+01,9.761482822737272613e+01,2.391027086537489197e+02,2.650139645072224539e+02,3.762225615694508178e+02,1.475805853691301763e+02,2.867731030291119509e+01,1.897164352801768246e+02,1.366511478428852229e+02,2.535093049852977742e+02,9.629791588515057299e+01
2.109120626132875884e+02,4.881110373069888908e+01,9.646578543138744521e+01,2.424947161499195545e+02,2.691063145209060394e+02,3.796389953178190808e+02,1.488237980375483858e+02,2.812945895149118414e+01,1.912996920080110783e+02,1.370750249378232866e+02,2.556160154337019605e+02,9.763818774877906037e+01
2.129407856991974199e+02,4.808587896838544395e+01,9.448221383954602004e+01,2.508201759370184618e+02,2.788387902602312352e+02,3.829746570462289696e+02,1.483658326445641364e+02,2.869325935233788982e+01,1.916017942869090973e+02,1.372353551761646031e+02,2.539126163798619018e+02,9.381952542271544360e+01
2.378120854069489098e+02,4.848870225824612135e+01,9.461394453165044638e+01,2.474805702072223141e+02,2.882292523538263822e+02,3.805840542679995906e+02,1.477777926344894581e+02,2.885722009445336056e+01,1.902448325682613302e+02,1.360915450476750550e+02,2.557725548658354171e+02,9.310599454972027900e+01
2.393830533731485843e+02,4.724550435388989911e+01,9.301722894221191495e+01,2.490180208832873063e+02,2.951949283200403897e+02,3.790054253121143120e+02,1.459464628257488243e+02,2.912622835626914508e+01,1.919842284427066090e+02,1.320569372553968606e+02,2.582098623520195133e+02,9.286301774327273506e+01
2.380823315918294725e+02,4.694882418244266375e+01,9.355256922815429732e+01,2.443434823847179018e+02,2.957564910466019228e+02,3.753410022811863200e+02,1.475932203160388667e+02,2.942901359449160381e+01,1.919825851922837501e+02,1.327919010855961801e+02,2.562293915527466197e+02,9.221850824717589035e+01
2.344221499202238022e+02,4.574606910253708492e+01,9.259746728294609852e+01,2.361974601814517030e+02,2.838701926540954901e+02,3.673613964696405674e+02,1.449693449320616310e+02,2.833209635891831013e+01,1.887966862338687406e+02,1.290661756659883963e+02,2.549712764699940237e+02,9.241093497971164084e+01
2.342554510989255334e+02,4.659828096348987003e+01,9.157846643547509302e+01,2.385355418959483131e+02,2.914283290210174755e+02,3.703132351026225706e+02,1.461133187030196154e+02,2.826784302878121480e+01,1.936295477623953047e+02,1.305209222175226103e+02,2.550201903012309401e+02,9.120603299014578624e+01
2.378879355263462969e+02,4.532188893534166141e+01,9.030241733610439780e+01,2.399221240608945322e+02,2.868703514632518363e+02,3.689648510263671710e+02,1.445503623448442454e+02,2.841158153650162532e+01,1.925534287780495220e+02,1.298516115007962242e+02,2.554587668159572331e+02,9.132096569803920261e+01
2.375475380431521160e+02,4.657847931545470033e+01,9.200648888712066764e+01,2.411318978819238907e+02,2.915013870253400796e+02,3.699307140195302281e+02,1.447276925061548809e+02,2.928002810154310964e+01,1.939620472811979539e+02,1.355743616738026276e+02,2.550163189801761519e+02,9.212858588272985116e+01
2.450929833056280529e+02,4.779024172245103586e+01,9.471085034774975497e+01,2.512973267540084805e+02,2.990686346782387091e+02,3.760790498264710209e+02,1.472349667075526440e+02,2.989286291075272572e+01,1.972759497944070688e+02,1.351653993663096287e+02,2.565160922776891539e+02,9.279951994075996424e+01
2.455705120190210096e+02,4.670685629558623475e+01,1.019749460291568539e+02,2.375882126991235168e+02,2.957379001540718377e+02,3.675537496455897326e+02,1.425064265926055214e+02,2.978253322978895312e+01,1.919980466876931189e+02,1.322025437090159130e+02,2.544468845712749783e+02,9.150892447671235175e+01
2.486601496616101485e+02,4.818188224389031404e+01,1.085021076400957440e+02,2.405777133804055552e+02,3.011298279922683605e+02,3.748472637751028174e+02,1.459732463210743845e+02,3.063694312228493644e+01,1.957108742237650176e+02,1.324828061598539648e+02,2.601202033028611140e+02,9.145050312456318409e+01
2.513948742551829127e+02,4.821714072935588291e+01,1.093026521827858346e+02,2.405360581732978744e+02,3.134138463017179674e+02,3.728561070483227695e+02,1.487690425583805904e+02,3.088767689802881122e+01,1.974919807514085903e+02,1.326567192209394079e+02,2.630850000929299313e+02,9.364361008463417591e+01
2.513308568899592217e+02,4.892497846600154787e+01,1.116178515727266927e+02,2.534655201859461329e+02,2.995295747564450721e+02,3.682587902969751781e+02,1.498006617668688705e+02,3.204385491040959977e+01,1.991109567030180187e+02,1.345923640582505527e+02,2.606424857925692322e+02,9.469053347672175391e+01
2.552809143724245473e+02,4.921627107033310011e+01,1.128518357476934568e+02,2.548790796157542218e+02,3.060349026742143224e+02,3.716227180843696942e+02,1.505967658780823513e+02,3.163357829923786824e+01,1.983056010236673501e+02,1.332291137812219972e+02,2.583184962060416865e+02,9.477145250242685393e+01
2.575298581205121309e+02,5.009600033856686707e+01,1.156818584387228981e+02,2.554044928517014625e+02,3.078683268353257745e+02,3.728217176455502795e+02,1.533035039234921442e+02,3.213037214162140742e+01,1.964474851404920059e+02,1.363545287644915902e+02,2.600258142339978349e+02,9.452662900355524300e+01
2.576086591163484627e+02,5.008055107204459944e+01,1.144613593687964510e+02,2.631248479874222994e+02,3.105689637426426088e+02,3.737965770228942688e+02,1.538347333716731100e+02,3.294403059412167067e+01,1.974133931141536777e+02,1.359585781879173396e+02,2.609529246327206806e+02,9.536671665561155464e+01
2.538245066091357955e+02,4.809439873964952028e+01,1.111932582406279835e+02,2.465304280757003426e+02,3.012570823039399102e+02,3.700243414026057280e+02,1.524291400762986655e+02,3.143635682431045808e+01,1.948652372079393444e+02,1.384109840697800848e+02,2.574964749723519617e+02,9.127549553541599892e+01
2.564281825336450993e+02,4.919489080024864336e+01,1.125685043756949426e+02,2.575324557422034104e+02,2.997246240205778349e+02,3.739858752180601869e+02,1.542000524683420508e+02,3.111774182603563332e+01,1.946294493431815908e+02,1.408019368023834090e+02,2.608025493077095689e+02,9.340236022137177940e+01
2.549523329036362327e+02,4.882953975221494147e+01,1.124571679770680674e+02,2.559384771050095821e+02,2.989680305217807472e+02,3.748374557180875399e+02,1.525556693280805405e+02,3.186185584169796670e+01,1.937756829549666406e+02,1.417882860550942041e+02,2.589382030084327653e+02,9.206754881175795902e+01
2.582486402050516290e+02,4.943547779684655552e+01,1.133635385413260792e+02,2.582230668848134201e+02,3.011368743758801543e+02,3.751964291949449262e+02,1.526668462360233036e+02,3.130731262030662521e+01,1.936586697137626345e+02,1.417973209418118472e+02,2.605881690175652352e+02,9.196359477254786441e+01
2.581914855436610878e+02,4.953452078987800888e+01,1.127496826369456642e+02,2.661380695764067355e+02,2.958481242801607323e+02,3.744439596469612752e+02,1.531311556473604014e+02,3.144038051363658326e+01,1.936226049042752209e+02,1.404591928177631814e+02,2.604261064586287944e+02,9.104297718780044590e+01
2.558821775626139754e+02,4.967096413964311807e+01,1.123212816162273953e+02,2.552020670021210265e+02,2.959674976622509348e+02,3.756472046831528360e+02,1.535720651659769089e+02,3.132467482963137684e+01,1.936705134080992252e+02,1.406680406638449767e+02,2.609940215411514828e+02,9.072029519406463294e+01
2.547821110296880249e+02,4.949064346136775328e+01,1.114602591087564178e+02,2.505744354020976346e+02,2.947081166349928480e+02,3.758717967617628801e+02,1.515630570070465239e+02,3.105452364685112343e+01,1.923534110755039137e+02,1.396113243979719982e+02,2.616762108797043993e+02,9.062778785354555566e+01
2.467143138248626428e+02,4.826559742058542923e+01,1.083555950872187168e+02,2.508104428834414250e+02,2.887942211768506695e+02,3.712325926373989660e+02,1.500899240282428480e+02,3.088276750177633190e+01,1.854305496590556857e+02,1.383489775120184220e+02,2.594198355886090326e+02,9.020047239578916276e+01
2.445272321375838374e+02,4.759378496550558424e+01,1.055382919795754901e+02,2.403781291088943135e+02,2.871238937215644000e+02,3.712471046399402894e+02,1.488077015194790818e+02,3.019047392598710289e+01,1.844353982563677619e+02,1.395221298750141159e+02,2.580571179803268933e+02,9.142243961992831203e+01
2.465801116297290605e+02,4.824845830132546354e+01,1.050231520476209255e+02,2.411988681127583902e+02,2.845448766348073377e+02,3.698960235834450145e+02,1.453927392433853356e+02,3.105801674650406241e+01,1.822056509470352523e+02,1.367999781837035016e+02,2.611876706038544853e+02,9.098893632295829548e+01
2.480605561148095433e+02,4.924763429070216603e+01,1.051902306515145256e+02,2.411407135300842697e+02,2.837195314386955260e+02,3.692790807880113562e+02,1.453765114227476829e+02,3.126022253247787219e+01,1.821802193168037149e+02,1.366864460622475974e+02,2.607951859549447136e+02,9.147645354052734490e+01
2.614058232097133896e+02,5.230318416083703426e+01,1.078772521352546221e+02,2.413448927950875031e+02,2.898449724139062482e+02,3.765362503169250203e+02,1.485713658072751286e+02,3.128148576626119848e+01,1.865278355281770075e+02,1.394562605123908838e+02,2.644450659817680958e+02,9.274548650369071368e+01
2.748994168484668421e+02,5.317904776368700936e+01,1.081603622874971791e+02,2.366309294499385487e+02,3.011666136991134408e+02,3.759303906076849557e+02,1.506618989066358552e+02,3.170532117092261970e+01,1.857050735100589520e+02,1.405274845716401160e+02,2.656586756692545350e+02,8.962625304573523977e+01
2.837225446623741618e+02,5.441701379324794630e+01,1.083093544136276876e+02,2.388563103384076953e+02,3.176287999786122782e+02,3.827741644514737800e+02,1.530872697530649873e+02,3.201078594241261044e+01,1.874329331225852400e+02,1.423155300726076007e+02,2.656846747648087330e+02,8.862841112425643075e+01
2.872741435822667313e+02,5.504326156569081263e+01,1.105320663147375342e+02,2.335648852590266813e+02,3.250402322710534690e+02,3.853126413207461383e+02,1.546597946504051038e+02,3.321122711734341237e+01,1.867573996066467998e+02,1.418982000803729591e+02,2.647533709710015160e+02,8.892584783667680881e+01
2.845280138065002689e+02,5.515454506692900338e+01,1.115583864351059304e+02,2.246104870439334604e+02,3.255479277600366004e+02,3.878760153767393604e+02,1.545239565991513473e+02,3.328915000708962424e+01,1.870195836596256243e+02,1.426123066885282356e+02,2.642269338164092005e+02,8.991685551469969084e+01
2.858829085624660706e+02,5.651124889406522556e+01,1.121356859854804782e+02,2.254640351885960570e+02,3.304846524363485969e+02,3.890693537794061285e+02,1.530990076228089833e+02,3.307996738876860832e+01,1.838560849847350198e+02,1.428434295734796251e+02,2.659099751344430160e+02,9.315654938838105181e+01
2.750456585864360477e+02,5.617100052180154535e+01,1.107111845071932237e+02,2.209356815091140334e+02,3.299350711343622606e+02,3.891968293649773614e+02,1.517443951273789366e+02,3.249638620871147054e+01,1.838483774094262628e+02,1.421403620239963743e+02,2.669928881209232259e+02,8.973316049817999840e+01
2.825814794537735679e+02,5.735588982810824632e+01,1.148463306653144116e+02,2.098957464208206432e+02,3.356828091723605212e+02,3.954656004657280732e+02,1.529132811888925687e+02,3.279324963352897981e+01,1.888914281251619514e+02,1.439700341499605543e+02,2.678251579309400086e+02,9.166164045629103896e+01
2.894318655495668509e+02,6.001980970437921314e+01,1.223368432955376477e+02,2.157425701452553994e+02,3.380311395963469749e+02,4.005384305095558375e+02,1.546285484139282858e+02,3.349072920429575362e+01,1.921469823872295706e+02,1.469936324267748660e+02,2.729273292802735114e+02,9.328863039777496624e+01
2.984712197934290998e+02,6.016897293507596345e+01,1.233747545287874345e+02,2.120664151496235377e+02,3.477385617934584161e+02,3.964811451519090610e+02,1.541023895544747973e+02,3.355529532883027599e+01,1.946447445730485697e+02,1.467731079129509340e+02,2.718170134424514117e+02,9.569520039628898189e+01
2.951860189990314893e+02,5.988890037964589652e+01,1.234705055745464222e+02,2.098579024746631205e+02,3.428558644784833405e+02,3.986152686560405982e+02,1.560225820868099049e+02,3.320013213811863295e+01,1.953951143215823265e+02,1.479206414039919650e+02,2.720903368903202590e+02,9.321974033891913791e+01
2.985378158834274700e+02,6.191408056563907536e+01,1.264793677501507716e+02,2.085813612440630607e+02,3.409561994043837103e+02,4.052891017894883134e+02,1.581826605172932716e+02,3.373807394039280183e+01,1.947100748334448213e+02,1.498102175601506758e+02,2.726005556721358971e+02,9.429704443936721248e+01
2.896794250932457544e+02,6.198161486158322475e+01,1.241918405738734634e+02,1.841921547373019052e+02,3.421104545413368783e+02,4.059037856103933564e+02,1.572524356056498505e+02,3.357493266410059363e+01,1.944289112998755513e+02,1.523618004948500584e+02,2.744219949580765388e+02,9.571729671248117199e+01
2.912757926857117354e+02,6.137787397565654857e+01,1.211062152802859089e+02,1.868801046487385520e+02,3.444076439357955337e+02,4.066251591286816165e+02,1.599073723172764971e+02,3.371841783595433384e+01,1.933490884925856506e+02,1.527424356948766047e+02,2.710307584690674503e+02,9.583068641861301273e+01
3.011644655532824686e+02,6.303849531695487940e+01,1.224113623327364877e+02,1.902883769358325594e+02,3.472096556637354752e+02,4.128757004552649619e+02,1.622005609010270177e+02,3.324953893174005515e+01,1.920244709100657019e+02,1.547333367104519652e+02,2.753456881243493513e+02,9.750764450532223293e+01
3.024240229206909589e+02,6.357095221163037024e+01,1.219899880834541648e+02,1.933053282819894889e+02,3.494928457644400055e+02,4.118007911688887361e+02,1.591899755648194628e+02,3.401536426591829354e+01,1.896566495544473696e+02,1.524953710502252875e+02,2.796429130240791210e+02,9.735593140900235198e+01
2.962553874871152857e+02,6.221206957438718632e+01,1.193800626064754908e+02,1.917277748989410782e+02,3.396505292013118833e+02,4.021339404967462201e+02,1.566000125026965861e+02,3.357531778185675364e+01,1.860744075153849622e+02,1.417655138761776357e+02,2.750603419871886217e+02,9.541204909221595187e+01
2.998622741450416243e+02,6.357638596554514265e+01,1.205044480922539663e+02,1.890731960363035284e+02,3.397280146787579724e+02,4.066616809691149683e+02,1.595527059816019460e+02,3.382157573535394590e+01,1.877118316405610585e+02,1.420328047761269090e+02,2.787332417125365964e+02,9.770341949482633481e+01
3.065506602654177755e+02,6.706973964084120610e+01,1.238316164695157795e+02,1.921644466460712124e+02,3.501345403614215002e+02,4.168740125087264232e+02,1.743514059600167911e+02,3.384766729242987537e+01,1.876083219805328497e+02,1.441698079519225075e+02,2.811109842508208203e+02,9.866547637501156487e+01
3.014357574332334480e+02,6.988526838683668529e+01,1.260954893782721200e+02,1.851798510123490757e+02,3.486087634689162655e+02,4.096385153213980175e+02,1.707907188220898149e+02,3.331205943848064521e+01,1.891213771830888959e+02,1.456813418836720473e+02,2.774536158711453027e+02,9.805267091877243502e+01
3.020545983655931650e+02,6.883508523767508791e+01,1.229073466183004371e+02,1.859583423661616166e+02,3.444694043902613885e+02,4.082098583365567492e+02,1.703156811910147326e+02,3.280764707758300602e+01,1.905153196326844807e+02,1.451855019351008593e+02,2.780099558191279812e+02,9.847885494003917017e+01
3.189330106241942531e+02,7.042047689954313228e+01,1.258099013771318653e+02,1.868071976327921107e+02,3.660172413953200703e+02,4.157399101164804733e+02,1.714261840924137630e+02,3.331637871485615676e+01,1.899108417947485066e+02,1.459450255738253190e+02,2.812433086517928587e+02,9.885761821888496570e+01
3.228402351054459132e+02,7.034875477311319969e+01,1.290562492868078550e+02,1.887440842147384785e+02,3.700590924853364641e+02,4.158898475180001242e+02,1.684132637445851515e+02,3.324409121238575437e+01,1.894353808221394218e+02,1.459875530964936843e+02,2.757014081171602697e+02,1.094763018410315141e+02
3.320030238376992884e+02,7.338043811778950953e+01,1.304563713539953937e+02,1.999658062729400001e+02,3.791685819623418183e+02,4.239185144634467406e+02,1.763547158880182053e+02,3.303944394727317757e+01,1.905066567252576419e+02,1.494387925372463144e+02,2.767490769802730028e+02,1.099045298325147684e+02
3.227644752614889399e+02,7.260882148936156000e+01,1.279719448176196579e+02,1.976989912830825915e+02,3.728727953472731542e+02,4.155814231830993322e+02,1.736156667394202486e+02,3.390813697304484720e+01,1.883077840775625589e+02,1.490080637287697414e+02,2.763199567761997741e+02,1.094389152952026762e+02
3.173941832125804012e+02,7.273122741523778245e+01,1.263027038482015882e+02,1.824605808150403163e+02,3.687742958430056888e+02,4.087453652277953324e+02,1.694841795044011405e+02,3.318357072161948906e+01,1.848773494518628411e+02,1.466360189879097788e+02,2.773640146806365010e+02,1.110456806429006633e+02
3.368043160988428326e+02,7.468846785128420152e+01,1.279383317345640592e+02,1.878705202513465053e+02,3.701180268951462722e+02,4.130678406512540732e+02,1.729681374072750373e+02,3.349544916758100754e+01,1.854118443000820378e+02,1.469499658677951857e+02,2.801115035153753752e+02,1.133206217786704855e+02
3.294335016835666465e+02,7.342766186930339245e+01,1.270351173920111165e+02,1.974242233475645776e+02,3.688051380171532401e+02,4.077795728520875400e+02,1.698681844867821837e+02,3.360913009138111107e+01,1.834845815135157352e+02,1.428528110101222524e+02,2.801983733630386268e+02,1.114359959547454508e+02
3.292436189093101575e+02,7.329647687582195204e+01,1.257440733037007021e+02,1.963945046064661710e+02,3.664177206289583069e+02,4.066481443798934379e+02,1.698776435654201578e+02,3.251762715704569473e+01,1.823762778280840280e+02,1.409556035024045855e+02,2.784064158458214138e+02,1.117875662429222103e+02
3.220283053784049798e+02,6.984268385758790032e+01,1.223545560268232606e+02,1.926795423835177417e+02,3.672016498960153399e+02,4.027339098306841834e+02,1.673283229751565955e+02,3.258149923549585480e+01,1.810391656618477327e+02,1.404256828732810334e+02,2.741551888362312184e+02,1.091270211529374592e+02
2.891738234498185420e+02,6.827207974347258812e+01,1.249291223112632139e+02,1.896422859119836062e+02,2.574162310487412242e+02,4.053846260843715754e+02,1.740739334324556467e+02,3.225702526600214526e+01,1.802200176687217379e+02,1.472219734607356827e+02,2.739783245632917783e+02,1.058716845565857199e+02
2.970674498659195706e+02,7.826659244378107871e+01,1.288924820640772282e+02,1.943128473697308323e+02,2.721052121547519391e+02,4.100128032702473320e+02,1.755600927401506510e+02,3.181575353472589995e+01,1.808052779195997175e+02,1.446618240913756495e+02,2.836643766314809909e+02,1.142944763568966238e+02
3.067104021759602119e+02,7.733747545674023627e+01,1.301705948891047626e+02,1.872491049150000606e+02,2.870375679445072024e+02,4.155460911211479242e+02,1.751604807910809711e+02,3.287718724686745020e+01,1.861864944177717405e+02,1.468946060826931443e+02,2.887232453224877986e+02,1.096870208359660808e+02
3.267563076944838940e+02,8.049718860041571133e+01,1.326343042033260531e+02,1.861591985881965741e+02,3.064050845042874016e+02,4.257747662063594589e+02,1.794879247663452020e+02,3.439390646761235359e+01,1.847409367963613533e+02,1.397735536300611443e+02,2.867395005219338486e+02,1.080489284739216771e+02
3.171920282602777661e+02,7.842606676834688528e+01,1.289946617585387116e+02,1.960962688141086687e+02,3.035486257180697294e+02,4.117507149574826144e+02,1.729382981404008035e+02,3.365891349754314632e+01,1.829863271947441774e+02,1.392495903788341707e+02,2.829136884173615840e+02,1.064046366014102460e+02
3.226247276893382718e+02,7.959424765264299140e+01,1.302360463378594488e+02,2.025797867621436410e+02,3.184462158798081646e+02,4.125314175345656622e+02,1.780132725270973424e+02,3.374047716615891090e+01,1.816850350670332546e+02,1.395848922302498067e+02,2.833002410708785419e+02,1.116876522526858935e+02
3.239498954050445718e+02,8.009222823219322152e+01,1.309394559431756875e+02,2.048750761288648619e+02,3.063065946454394179e+02,4.146248066559003860e+02,1.803633420228672151e+02,3.222148042369295240e+01,1.819277561246118751e+02,1.414588039908932728e+02,2.826764551288545704e+02,1.140413166717180218e+02
3.147829277403025117e+02,8.428030151891262278e+01,1.424119150501346382e+02,2.073592432829054815e+02,3.066720313629060684e+02,4.199091349039754277e+02,1.806221596913117651e+02,3.272502102257022472e+01,1.818654089711165511e+02,1.398476820423780396e+02,2.834350624772192759e+02,1.137492368782382357e+02
3.148531281366634857e+02,8.645342755521417644e+01,1.424228543347929872e+02,1.923141489063064569e+02,3.046661008280900660e+02,4.167528037376093835e+02,1.798115115097997716e+02,3.296963662066323764e+01,1.770018682830738896e+02,1.348361953169965659e+02,2.811852789798667800e+02,1.155732707468742859e+02
2.951940053451584163e+02,8.608800769468355440e+01,1.346765201811388408e+02,1.853647537185380543e+02,2.911267199258148821e+02,4.038528718186548190e+02,1.762396932222693522e+02,3.352294136213917142e+01,1.707414326331921188e+02,1.341868007121763924e+02,2.815432790996809445e+02,1.132739857986044854e+02
3.401899472956478121e+02,9.083061340023927244e+01,1.371107856686787443e+02,1.734044056586037073e+02,2.892326977189874242e+02,4.110959326215293572e+02,1.811110202981543864e+02,3.414892403401659493e+01,1.695469201741212544e+02,1.358026061812920489e+02,2.842939339403502004e+02,1.123974858802344414e+02
3.249659888040338274e+02,9.408481119320811104e+01,1.417746009498186481e+02,1.754338787750884023e+02,2.957085151088080011e+02,4.138354704451128327e+02,1.779525259144427025e+02,3.395243637603766729e+01,1.694264164875660299e+02,1.342254391091069294e+02,2.784724593354525268e+02,1.117916594419186822e+02
3.225038903081411945e+02,8.803024327925764680e+01,1.302333331183696998e+02,1.744677805564120661e+02,2.784518110030228968e+02,4.079668856777801693e+02,1.762107389394719803e+02,3.383728898220692827e+01,1.700888735643928840e+02,1.355379941461618500e+02,2.785134093655295828e+02,1.094161564000999363e+02
3.115269400757849780e+02,8.628184479742645863e+01,1.294344674117096758e+02,1.680173304630887117e+02,2.721042717409491161e+02,4.018080473312066943e+02,1.714118880874633248e+02,3.364108425423131621e+01,1.686465724992094408e+02,1.364999822433693453e+02,2.777522261965831376e+02,1.118639514308911629e+02
3.242549241417773374e+02,9.344538539017706569e+01,1.312388233663250219e+02,1.815489059430573775e+02,2.867188628554348497e+02,4.197535725615967976e+02,1.793777895868034307e+02,3.397773455596876602e+01,1.752048359043009498e+02,1.403661155633499220e+02,2.863218863540473649e+02,1.154317605998473368e+02
3.320404949467878737e+02,9.087261647233131612e+01,1.250862104120259062e+02,1.710966706984124528e+02,2.882299095348747642e+02,4.135634064103931564e+02,1.773443353106878533e+02,3.423163538664095285e+01,1.716213186067229515e+02,1.389913564503687553e+02,2.834990671405058720e+02,1.139931303701093555e+02
3.316353044854591872e+02,8.943795118990311721e+01,1.274372856851642695e+02,1.618386319033113523e+02,2.826739883355313623e+02,4.261258132680168274e+02,1.792627144764171305e+02,3.357111453926874134e+01,1.733579288430200052e+02,1.436917529824105202e+02,2.883231386124377877e+02,1.116787492813137135e+02
3.093968285200559194e+02,8.844714441926214477e+01,1.223595734232779932e+02,1.650505693587404323e+02,2.739861836559023232e+02,4.172741350553934581e+02,1.741779111032261085e+02,3.349357972732293831e+01,1.727132800144713656e+02,1.407297421543504470e+02,2.839240413563357492e+02,1.132107644216828817e+02
3.220467455644479742e+02,8.967779640548020836e+01,1.246539621225036854e+02,1.737078597580826909e+02,2.842236302719223886e+02,4.213458069751030735e+02,1.767672943380108563e+02,3.342792058960301205e+01,1.741499356625038217e+02,1.498025331838468617e+02,2.847510583346523276e+02,1.144302600364022027e+02
3.214808905790350195e+02,9.068357927066895741e+01,1.250602944175068671e+02,1.725460922467728722e+02,2.796532590778379017e+02,4.233460914176278038e+02,1.784139803820856969e+02,3.393285249051494645e+01,1.771975529439348236e+02,1.489126060238921241e+02,2.871629892643339304e+02,1.148580444617220166e+02
3.235037241184198820e+02,9.015424413283687954e+01,1.273650414020228254e+02,1.753724516086273582e+02,2.787608405438247701e+02,4.248122741232563158e+02,1.778486347224733493e+02,3.449080788732541691e+01,1.790590196179056761e+02,1.495094923943946128e+02,2.897534453633774092e+02,1.174464462279966739e+02
3.285258072333307950e+02,9.228431988152313181e+01,1.353018017067240066e+02,1.713338871678608939e+02,2.883257944206673642e+02,4.300810866479785091e+02,1.790163993103261362e+02,3.493489509446060026e+01,1.711151799333458428e+02,1.479458677520805736e+02,2.892100087494401350e+02,1.171503649814434738e+02
3.254738952868387969e+02,9.508929959867599280e+01,1.365162864954093038e+02,1.709073937968123005e+02,2.846248596567565983e+02,4.295903565596532871e+02,1.794028310433444062e+02,3.414079767803065835e+01,1.739126878117785395e+02,1.526491779926481627e+02,2.834968168355348439e+02,1.180040974125097648e+02
3.289411817551141439e+02,9.668816223404525090e+01,1.367594263426845203e+02,1.757385699827403869e+02,2.854938112563583559e+02,4.278840778076767037e+02,1.832112082630952159e+02,3.373434842496515529e+01,1.713336062909148723e+02,1.524765058550181607e+02,2.826188666212121916e+02,1.197192056391716619e+02
3.273718596640042620e+02,9.310952488994817600e+01,1.334578901907189277e+02,1.770122963983886564e+02,2.829930302661014139e+02,4.229705803766968302e+02,1.802683616422329180e+02,3.445017680063414645e+01,1.691595520324276549e+02,1.526320154376101073e+02,2.801118374448041095e+02,1.200639193554796691e+02
3.186469094089102896e+02,9.066826152683739792e+01,1.323063045591246691e+02,1.778948267133487491e+02,2.778435262766366804e+02,4.257453760070027329e+02,1.810382131967801342e+02,3.496914907177681187e+01,1.736261739394516610e+02,1.533481408961484647e+02,2.795005992664495125e+02,1.218873973168744982e+02
3.190414534079185387e+02,9.120506105117117102e+01,1.326677398044814140e+02,1.769299028989545661e+02,2.814456091786711909e+02,4.229530359950229013e+02,1.823006049005181524e+02,3.470077413220284512e+01,1.704387495455630699e+02,1.521427469028085966e+02,2.789242897986842991e+02,1.239418285148050956e+02
3.184538426420710948e+02,9.137178839192927171e+01,1.362209431906510986e+02,1.744918379222802116e+02,2.767223611902355742e+02,4.257611289120671927e+02,1.826306480371965790e+02,3.477316526629638815e+01,1.699380477846537474e+02,1.565681098966765035e+02,2.776701882452672407e+02,1.230650141489144431e+02
3.183927372087502476e+02,9.009814793187260307e+01,1.347508428246522101e+02,1.665406670044774557e+02,2.720136903226095910e+02,4.208230877240760037e+02,1.818927452853881732e+02,3.469717119050470444e+01,1.682389837739584948e+02,1.559404892280230115e+02,2.794156882692321346e+02,1.240334472595337303e+02
3.213858146536072695e+02,8.969012000989388866e+01,1.371427759824230748e+02,1.701095163740597513e+02,2.682770135006936698e+02,4.214294302030414769e+02,1.838115540003936133e+02,3.475928534346693510e+01,1.695567439734548429e+02,1.559851783631832802e+02,2.784117905326716027e+02,1.205511671061714480e+02
3.067234364485178162e+02,8.601835724292662633e+01,1.315381672741085879e+02,1.712521901505003257e+02,2.621128100029789039e+02,4.191237075018573250e+02,1.816237675858291141e+02,3.434595587063189726e+01,1.687652979645835387e+02,1.520653304102393975e+02,2.735472606038689491e+02,1.175986562084861475e+02
3.154422473406197014e+02,8.852700253536106345e+01,1.346726113435309742e+02,1.616487913158622689e+02,2.673963166045148228e+02,4.270881873574762722e+02,1.868479221012046310e+02,3.441732011351884069e+01,1.682445913415423320e+02,1.537996731741753536e+02,2.777364826928941284e+02,1.203599853543944391e+02
3.125257142754430220e+02,8.732443762636444262e+01,1.333640543953227962e+02,1.732679607370212977e+02,2.668111304962134227e+02,4.255616810045496550e+02,1.868996632833689375e+02,3.524392072367859896e+01,1.686529854018970980e+02,1.551872660701504003e+02,2.792097590269916054e+02,1.184448090590722273e+02
3.102577995852445838e+02,8.477985053313619801e+01,1.329056304376848345e+02,1.777946754094011794e+02,2.771603348720832400e+02,4.273666660355258387e+02,1.863967616075810554e+02,3.460358458516308389e+01,1.695965695711377066e+02,1.579276011923014948e+02,2.757251609202206737e+02,1.184279124257606810e+02
3.150965823142690851e+02,8.764759233300010521e+01,1.329775935938254747e+02,1.782373362264888499e+02,2.822307870221014809e+02,4.248793839062019515e+02,1.878771724141961670e+02,3.337878727089243114e+01,1.685328258643375818e+02,1.578010449777156623e+02,2.764223731531941439e+02,1.192013766994095221e+02
3.187864150395769798e+02,9.112391451328117853e+01,1.391402894935984023e+02,1.751249996736219146e+02,2.873597436320732186e+02,4.309243259494871268e+02,1.904790803117267330e+02,3.344304016579978622e+01,1.757415017448365688e+02,1.603794964554704165e+02,2.762298147892502698e+02,1.194342152155727632e+02
3.064630350973172312e+02,8.785731468874958239e+01,1.342003387269666348e+02,1.694381825527221110e+02,2.786758134680399053e+02,4.201906455044064046e+02,1.856935964748448953e+02,3.323938945699673297e+01,1.757020569135457322e+02,1.573397972536434395e+02,2.762626026552768508e+02,1.141604960447630219e+02
2.995053374554454422e+02,8.655299799123180549e+01,1.311876247369478392e+02,1.615401989862242260e+02,2.694809933443387990e+02,4.136867340955610644e+02,1.838904830647898905e+02,3.256935453844576500e+01,1.712937586630031319e+02,1.556193268595306165e+02,2.722518018001507016e+02,1.131236873307585000e+02
2.972428021319256004e+02,8.808550879784357335e+01,1.327717858994581661e+02,1.562968496475674840e+02,2.766773875200919974e+02,4.168861882391492486e+02,1.846638657111787154e+02,3.269040730252344673e+01,1.684734439891255136e+02,1.553517124513180647e+02,2.719426771709016748e+02,1.146122656618307047e+02
2.911958763036139430e+02,8.329762765272596425e+01,1.272688638826313934e+02,1.540522389722358128e+02,2.752466353698983994e+02,4.128392792390220052e+02,1.821448838172618139e+02,3.250670752832684229e+01,1.678027755441228521e+02,1.552763491328652208e+02,2.725825726333570174e+02,1.135702211716916850e+02
2.984673211646297091e+02,8.536765408345797823e+01,1.269329052549894641e+02,1.533756932795026273e+02,2.818098800911926674e+02,4.068516358931592549e+02,1.806273608426392059e+02,3.256717354333018477e+01,1.674424160192329509e+02,1.573060992047224431e+02,2.733925179105116854e+02,1.131019407439178508e+02
2.791675410570751410e+02,7.567169430829559928e+01,1.191979429780091948e+02,1.509423769442846890e+02,2.701445411536176380e+02,3.982122993600456198e+02,1.752663817452637716e+02,3.305843219717092296e+01,1.646985736177433068e+02,1.538381218176482435e+02,2.697262310845074467e+02,1.109047201790102264e+02
2.903676583339309332e+02,7.976241900644582472e+01,1.237908452956327352e+02,1.426984590049956410e+02,2.819481794067373244e+02,4.033771950334539156e+02,1.780402692015692594e+02,3.384304064319484695e+01,1.654144987031909011e+02,1.582050863162433529e+02,2.717284685106615711e+02,1.131713584133403003e+02
2.971052872056033038e+02,8.137922317535833372e+01,1.247430421034420647e+02,1.496187684139231635e+02,2.928449540104256812e+02,4.047873090631907189e+02,1.793536214643963547e+02,3.358731812465716615e+01,1.674649729604134336e+02,1.578571770857292336e+02,2.766473680191631956e+02,1.151223088102601793e+02
2.968812863870323326e+02,7.978869117165643843e+01,1.258511063926519995e+02,1.583167236885022930e+02,2.915806314941427217e+02,4.064537130801533067e+02,1.761432514500606601e+02,3.378707610682953799e+01,1.685505386178698757e+02,1.580583270177936868e+02,2.725652591424722004e+02,1.131154797777330998e+02
2.960522178539207516e+02,8.278861188649599967e+01,1.303258191139130133e+02,1.705030712752984812e+02,2.893130776072463277e+02,3.986649632436490833e+02,1.722676673781585350e+02,3.368128056198544584e+01,1.694393127887294668e+02,1.564698996066304062e+02,2.757244562677188924e+02,1.131092384384266154e+02
2.997293963894622379e+02,8.693792400252755215e+01,1.330160398647188345e+02,1.668225028966240302e+02,2.894223608024336727e+02,4.064610903951929117e+02,1.790891327268607256e+02,3.359596985679610981e+01,1.696042425144337358e+02,1.719697342137197325e+02,2.753201614892831230e+02,1.137341980194546380e+02
3.076393490657321763e+02,8.792589346489367585e+01,1.338542063842669165e+02,1.968452244646182692e+02,2.988044983748262666e+02,4.031435513248485449e+02,1.813332918293451428e+02,3.428483726610396332e+01,1.727458746649127193e+02,1.659961054609658504e+02,2.709901484621286727e+02,1.122946766609577338e+02
2.876437170711753879e+02,8.583059517041422737e+01,1.297723906425098050e+02,1.809824376680754483e+02,2.894368080278586604e+02,3.879131754033281823e+02,1.727210385700834649e+02,3.315157548531439602e+01,1.681045423975915298e+02,1.623027579282220927e+02,2.683380242366757784e+02,1.109331524250291636e+02
2.942584040062099575e+02,8.320404338672950928e+01,1.232391074347350752e+02,1.763725641637572608e+02,2.860326853654022443e+02,3.982619025109659106e+02,1.804942349762585252e+02,3.349782445774982875e+01,1.697084946513171531e+02,1.635467085159788496e+02,2.686801077235708135e+02,1.113911551780944365e+02
3.018573484661185944e+02,8.497186830268496749e+01,1.230055911292616031e+02,1.791177889216510266e+02,2.934978801297590962e+02,3.988226328942213854e+02,1.846147999611785053e+02,3.336396145128647106e+01,1.699724711035960922e+02,1.656163483117140629e+02,2.682988364742639078e+02,1.138780271221802849e+02
3.115972684631403808e+02,8.841606047281811698e+01,1.279880882023351205e+02,1.878876996314897951e+02,3.063727903719042160e+02,4.102418785606596998e+02,1.858070368784910613e+02,3.316772675792302039e+01,1.848688612481862208e+02,1.675568388994648785e+02,2.714346662082646162e+02,1.156362562020121061e+02
3.180897110289009788e+02,9.211080163931430320e+01,1.309453929971489572e+02,1.854193500773282324e+02,3.036737327237030968e+02,4.115077840413799777e+02,1.877326819825131565e+02,3.340359276882263373e+01,1.812580569237793782e+02,1.672484545465572410e+02,2.734936283917882633e+02,1.169898285971320746e+02
3.102756867243501802e+02,8.921985471433220027e+01,1.288299675673553679e+02,1.788912297455312626e+02,3.039893681581477836e+02,4.053913847151521850e+02,1.854883487870192482e+02,3.251159249579018962e+01,1.815265127317485394e+02,1.704503709593064400e+02,2.768294832755244670e+02,1.051323406030210492e+02
3.175253964752007505e+02,9.156484462408934633e+01,1.328408382113101709e+02,1.727814814703491209e+02,3.063023133950932220e+02,4.133124178459207201e+02,1.884684930522277568e+02,3.260325811462547563e+01,1.820150582912439745e+02,1.700401038173002632e+02,2.771015707052595189e+02,1.057036458764271174e+02
3.189912064080942855e+02,8.887333401450008807e+01,1.298689424304168938e+02,1.768265845208787823e+02,2.954305071427886560e+02,4.150460615091474779e+02,1.918543145200101776e+02,3.330105952989153906e+01,1.851781776638692634e+02,1.709421009133430402e+02,2.806079015588156835e+02,1.070952761714326584e+02
3.242997526371162849e+02,9.042288613598847746e+01,1.341921969094461815e+02,1.695756541656294019e+02,3.003489224205765140e+02,4.173737690088780141e+02,1.891055768077953303e+02,3.265823567712587305e+01,1.833631101387279614e+02,1.695857315111046546e+02,2.811788176850649279e+02,1.068244352936135755e+02
3.155036856924699578e+02,8.996180353770733973e+01,1.335270944406925082e+02,1.729434786560148041e+02,3.016399230418307980e+02,4.135845101710830249e+02,1.862349054271378748e+02,3.287032053906219886e+01,1.863515051229398409e+02,1.696449523902145415e+02,2.797995474108833491e+02,1.067374628164702273e+02
3.317523241774333655e+02,9.196454516537112056e+01,1.388555873038755522e+02,1.790247161965327223e+02,3.041525884713630603e+02,4.199976078907502028e+02,1.886120177717934894e+02,3.373841663635871413e+01,1.879744846974862753e+02,1.719680380812659450e+02,2.794899063439477231e+02,1.057634360663511188e+02
3.418360319794286397e+02,9.435379513972773680e+01,1.436457014788672382e+02,1.761071674085508505e+02,3.152110830910461345e+02,4.218409649831089041e+02,1.853404883558958147e+02,3.418239452071532725e+01,1.892430556305872642e+02,1.731787247538975976e+02,2.819309184999727904e+02,1.030183825160268611e+02
3.395446776301117779e+02,9.359467259436505060e+01,1.412569051302651530e+02,1.788536725465003485e+02,3.180053984686552440e+02,4.204350249678642513e+02,1.829272714060463159e+02,3.408687129593915444e+01,1.899779057426201518e+02,1.742899620286715958e+02,2.807237684536419238e+02,1.041214173801625833e+02
3.480728980168161115e+02,9.288693154956891362e+01,1.396960891296801321e+02,1.778693898975073466e+02,3.175949118088161640e+02,4.224989176488662110e+02,1.863648547689001305e+02,3.400266375762915771e+01,1.896545717672147475e+02,1.773163833273514456e+02,2.806458910870860564e+02,1.036201776303050508e+02
3.476833685544868331e+02,9.494009198649544601e+01,1.415468238538075525e+02,1.759647454847392396e+02,3.265240459509278139e+02,4.283208109150111227e+02,1.841937806309649091e+02,3.388744810096336835e+01,1.914831959818937435e+02,1.781454992727400963e+02,2.797261128823799936e+02,1.040495448296400554e+02
3.495545972872603215e+02,9.594723566281921023e+01,1.407267408504081629e+02,1.887938342281327095e+02,3.144112853651582782e+02,4.320927860890913053e+02,1.840797677464685478e+02,3.432306604557030028e+01,1.931838698553732740e+02,1.787322069045165733e+02,2.786586070864864269e+02,1.042076528225735927e+02
3.457124114145753992e+02,9.553377336429694822e+01,1.392925738055768363e+02,1.808646653170949037e+02,3.094808324008799900e+02,4.308589628325784702e+02,1.831887966056457344e+02,3.410691118171375535e+01,1.903529661714184158e+02,1.765090082755377523e+02,2.766140308302301491e+02,1.026954877073260235e+02
3.458950563578755464e+02,1.036245167283435933e+02,1.400826650051922400e+02,1.807779302528873302e+02,3.192533679968173033e+02,4.316566886590870240e+02,1.816547454297011654e+02,3.331248605115159478e+01,1.881595409652500450e+02,1.753522482513034788e+02,2.771165576342143595e+02,1.016855113381626836e+02
3.539889355805968307e+02,1.058082769949781294e+02,1.400679235750257305e+02,1.819859619356723215e+02,3.285087639362832306e+02,4.344213143930409160e+02,1.808139963635654794e+02,3.416285672480700697e+01,1.917013883855749725e+02,1.742076902050973217e+02,2.771018409928970527e+02,1.021776065095606469e+02
3.535685115883268281e+02,1.162614738443510873e+02,1.423925532779838932e+02,1.794098573892637773e+02,3.183383952740354630e+02,4.357109528807151833e+02,1.832706597761684293e+02,3.369813595821319296e+01,1.924858450223921125e+02,1.782259704494028938e+02,2.743366881752490940e+02,1.014555233326553605e+02
3.479747864286296135e+02,1.152790650220054403e+02,1.366898198017042887e+02,1.773435335978985847e+02,3.080886171070338264e+02,4.316915180049438732e+02,1.818226896468023028e+02,3.284432852565767291e+01,1.897454122262842020e+02,1.760936244483393125e+02,2.701949526648191977e+02,1.006690932073422715e+02
3.115389018121145455e+02,1.119839158931970644e+02,1.342620719035759009e+02,1.714221235766196969e+02,2.915613432884121607e+02,4.140925587509862567e+02,1.766150716247915398e+02,3.310960820267595750e+01,1.900004408701385614e+02,1.690080076789419650e+02,2.693749266588665705e+02,9.928101530770568672e+01
3.096947021190010219e+02,1.096827721610764854e+02,1.318671985825237130e+02,1.775494885339553548e+02,2.939964234064115089e+02,4.199673626856376814e+02,1.772148342659942557e+02,3.388499199554746610e+01,1.930753307756772017e+02,1.746042234246070848e+02,2.739748295370910114e+02,1.051738806283564429e+02
3.144435611780619411e+02,1.160384038979630219e+02,1.329909430899134577e+02,1.825879190427504000e+02,2.982613177311373533e+02,4.193469168424383042e+02,1.794924939957641925e+02,3.419425262676661248e+01,1.970214932819256717e+02,1.733420637393674042e+02,2.721643403271436910e+02,1.030834928021148329e+02
3.029557866175791787e+02,1.166461393822662274e+02,1.337445579989771716e+02,1.786764385348014343e+02,2.906836561749692009e+02,4.159121204834526111e+02,1.788702701592043240e+02,3.382874901773121934e+01,1.952077617719054672e+02,1.736001129099894911e+02,2.717779964033876468e+02,1.020179385511925432e+02
3.438526204652515617e+02,1.235313236442175366e+02,1.427273518433389654e+02,1.711712519966566219e+02,3.012821540987169442e+02,4.248439908142776176e+02,1.813152509478774448e+02,3.442522656305682460e+01,1.959807661202743247e+02,1.766985720946858009e+02,2.742934900518248469e+02,1.016613520229613670e+02
3.341725862573902646e+02,1.206010260317537046e+02,1.391022346789404480e+02,1.802617854272353384e+02,2.923555081719124473e+02,4.203681949466558763e+02,1.837070226556988359e+02,3.348501830944998403e+01,1.956542476537477739e+02,1.762833591118132972e+02,2.788927511760864490e+02,1.005502953608096703e+02
3.530014509795838080e+02,1.219180904131655723e+02,1.410798931270565788e+02,1.788662939718783491e+02,3.038081117283120420e+02,4.275338291625815259e+02,1.855527829212335575e+02,3.372570734130034253e+01,1.983350536226576537e+02,1.765539774558652084e+02,2.775534733817477218e+02,1.025258422626847477e+02
3.761530706613262964e+02,1.229534243498673334e+02,1.454111910880306198e+02,1.740873994183313300e+02,3.088101856537265917e+02,4.330452026329051023e+02,1.903353032832153531e+02,3.372173267867069058e+01,1.948817253488901144e+02,1.776273601446590362e+02,2.775434538811704215e+02,1.041716920661462495e+02
3.856241133590176560e+02,1.217159230204071605e+02,1.480552158069663733e+02,1.708843716169645575e+02,3.126022123393773882e+02,4.357882562478869772e+02,1.878956216964422481e+02,3.266185132347096953e+01,2.100544491168852801e+02,1.779153027020650768e+02,2.757901016630896720e+02,1.032014465587119503e+02
3.938552481172359876e+02,1.262049396425376244e+02,1.524284416411986740e+02,1.824055291340202416e+02,3.226359651889791849e+02,4.451873800192980752e+02,1.875293493639049700e+02,3.343471874617382866e+01,2.144887562887507784e+02,1.806345332587088706e+02,2.718813629251251314e+02,1.014697535220860942e+02
3.803966387574793089e+02,1.317082825504796233e+02,1.711246620953847923e+02,1.825934484030194085e+02,3.225642923201688745e+02,4.428831732475957779e+02,1.823414478608488025e+02,3.331026376860519633e+01,2.148662685073817613e+02,1.768031435395848234e+02,2.697148973384045121e+02,9.923564134216135812e+01
3.814858954492658540e+02,1.330036384607531090e+02,1.757353036055922360e+02,1.684694813385662542e+02,3.181691137066101192e+02,4.385805288190919100e+02,1.808713355801927491e+02,3.304398139800559164e+01,2.124965686478533939e+02,1.769391504224265930e+02,2.693435457359815928e+02,9.885443031814395454e+01
3.921483299641675444e+02,1.318158558374512381e+02,1.852069028111986313e+02,1.876773981404893163e+02,3.160882236338977691e+02,4.472845372921991043e+02,1.845325847239149368e+02,3.306481310314914168e+01,2.155043270459979965e+02,1.773443725473896961e+02,2.712772207305584971e+02,1.017747269733799271e+02
3.971765275215171869e+02,1.371487841842036346e+02,1.836171485432712984e+02,1.904365032026163647e+02,3.248980063261576561e+02,4.516113764534032384e+02,1.861814061687991284e+02,3.353029499614493858e+01,2.164240521166662745e+02,1.787883193304833753e+02,2.732316427122356686e+02,1.034316409664695158e+02
3.844263321501689461e+02,1.313318374163354747e+02,1.735379568378332067e+02,1.807210343138939947e+02,3.081151033245498638e+02,4.499653620659633475e+02,1.893435975907957243e+02,3.424012077724687231e+01,2.102308106617757630e+02,1.774756106869347718e+02,2.771032766474594382e+02,1.028777238882888412e+02
3.827018324654792423e+02,1.264307895381415392e+02,1.645563327140538945e+02,1.809447348778612081e+02,3.210840931589174261e+02,4.546643844071515446e+02,1.910260486419674635e+02,3.390395606753826030e+01,2.080305492459026766e+02,1.820617684622029913e+02,2.757901708116262398e+02,1.032853497720737579e+02
3.777279264215408716e+02,1.183510326689110173e+02,1.587084857510689631e+02,1.868701240915494282e+02,3.172131884387309810e+02,4.546442913270000759e+02,1.867866565459158039e+02,3.413000917141405210e+01,2.098734544145841880e+02,1.819030832957173516e+02,2.800483379586178216e+02,1.042643938060219710e+02
3.973274652933699826e+02,1.287647197877752205e+02,1.621068048149925289e+02,1.981049740438195101e+02,3.305178105235028170e+02,4.592606894265116466e+02,1.890791667323433103e+02,3.441716120593505934e+01,2.130725815982349047e+02,1.878815553040392388e+02,2.771894307461884637e+02,1.045726145490847756e+02
3.837784531543730964e+02,1.283649719286692346e+02,1.631734305727229923e+02,2.055742345990881574e+02,3.255323147866570253e+02,4.526728981097718361e+02,1.931439177732891892e+02,3.341138142944966916e+01,2.152525635068811880e+02,1.844533349466373124e+02,2.764456035576188242e+02,1.015217297768357128e+02
3.880067243476657950e+02,1.239639818413393186e+02,1.606548899052385195e+02,1.957820905322178362e+02,3.402262158683666939e+02,4.508591002869108024e+02,1.953456434552728638e+02,3.382195153445889702e+01,2.143893733253551090e+02,1.849882574961382034e+02,2.676160159586926284e+02,1.013523289880367173e+02
3.814788399952934697e+02,1.257981160209385791e+02,1.623269957265333403e+02,2.038122819039872695e+02,3.382183249065465702e+02,4.480046348695407232e+02,1.927736230838790163e+02,3.382273156345426912e+01,2.113510854098059326e+02,1.842769915610281544e+02,2.656875656819347000e+02,9.944601564088119972e+01
3.948020546655848761e+02,1.262471570214536740e+02,1.658956805549988189e+02,2.126942917654305631e+02,3.415458501345444802e+02,4.580486963433408505e+02,1.988475676132914884e+02,3.386051281028052529e+01,2.184652352422112074e+02,1.831210488836380819e+02,2.641859061580624939e+02,1.008472319383059528e+02
3.877605099177108059e+02,1.227788205971094726e+02,1.668282760773665814e+02,2.325687758941179482e+02,3.401659723569670177e+02,4.592272672843541272e+02,2.001367386382846973e+02,3.370508846865295993e+01,2.193493204311178033e+02,1.851153699722239594e+02,2.679636370685194606e+02,9.775087706188753600e+01
3.901382145432201014e+02,1.296171441273205573e+02,1.758123789805402168e+02,2.491332589273750955e+02,3.440127313517882044e+02,4.640676215619680534e+02,1.988099347972141118e+02,3.426229456651530114e+01,2.218273819526639556e+02,1.881548957028950326e+02,2.684370912450714286e+02,9.885920616073305212e+01
3.873416031617365434e+02,1.254822606653482495e+02,1.700941096390386917e+02,2.525082020557625526e+02,3.412106131230482333e+02,4.663975850732264234e+02,2.003709956037861843e+02,3.375403318184126533e+01,2.270286737083166884e+02,1.903467620112607506e+02,2.695839615928977082e+02,9.810226458373078628e+01
3.961347028250021367e+02,1.295318463265057858e+02,1.759187924068722850e+02,2.570429000794238164e+02,3.419257902069550710e+02,4.701151012363609993e+02,2.003299294965188437e+02,3.387800169461148414e+01,2.276703000936660430e+02,1.901952832889321598e+02,2.677591800445604804e+02,9.814715204636422641e+01
3.826123268843497840e+02,1.307603972456097665e+02,1.727785001872317707e+02,2.665008796817104439e+02,3.386609604456956504e+02,4.610439374070714393e+02,1.996521194701408604e+02,3.394155541944599008e+01,2.292538762352716617e+02,1.900978685281343985e+02,2.658488852571337588e+02,9.787550836773336016e+01
3.741766504979722185e+02,1.355638417165049248e+02,1.742329175235478544e+02,2.650311801414030697e+02,3.405542565161409243e+02,4.673696586220909808e+02,1.999052659766450688e+02,3.386576626515499555e+01,2.334376078734241560e+02,1.908731390801073360e+02,2.628403948924164979e+02,9.785397133792804425e+01
3.677590185251017374e+02,1.280707583926999860e+02,1.697045864006740032e+02,2.370327589919521358e+02,3.307178809452108226e+02,4.530573347811852045e+02,1.937437252876480329e+02,3.389862290827134217e+01,2.261914683117732636e+02,1.850638416871130119e+02,2.637875540152768963e+02,9.533772513952472138e+01
3.709795871913452743e+02,1.300073836248519115e+02,1.692842226784861168e+02,2.505730116508995593e+02,3.389279493934224092e+02,4.553413100829113773e+02,1.943644644798660863e+02,3.373094212448884122e+01,2.311513863803636468e+02,1.856154528998649766e+02,2.671049060814841596e+02,9.786684836703484791e+01
3.792426733553105578e+02,1.296716239850655370e+02,1.723293659935735036e+02,2.557738586957581788e+02,3.439068601588886054e+02,4.581471488339468010e+02,1.948622504699040974e+02,3.414772534390208847e+01,2.361995818799043434e+02,1.878649461953704645e+02,2.699164878237796756e+02,9.795309247640490469e+01
3.705860432826659121e+02,1.268603057308120867e+02,1.704055879325946705e+02,2.562647425169551525e+02,3.407197599808972655e+02,4.489397153291965310e+02,1.926186753311864663e+02,3.368250307624617079e+01,2.347630731855138890e+02,1.844133180806412042e+02,2.693298648119769041e+02,9.712204159729840569e+01
3.541076674924836425e+02,1.177649330049528942e+02,1.562050346913874819e+02,2.521373724395587885e+02,3.281299960103908688e+02,4.417568358697675990e+02,1.875808904276027533e+02,3.385000149195121111e+01,2.282066548537387405e+02,1.818430640620724716e+02,2.713187969716881298e+02,9.500539412909152759e+01
3.471509636566269705e+02,1.222539156238571962e+02,1.609979479096216437e+02,2.512873330205378863e+02,3.251166166000780322e+02,4.450559737297562037e+02,1.854541882522574667e+02,3.403043137129600382e+01,2.253642899082281303e+02,1.797320942724357167e+02,2.698599517194519422e+02,9.693420578132078447e+01
3.005499062569902549e+02,1.174511578836942221e+02,1.569622101549465469e+02,2.468039755384047282e+02,3.286980671881984790e+02,4.374542205912073314e+02,1.810504883392935938e+02,3.377897359343045025e+01,2.264663781750799103e+02,1.772864723289570748e+02,2.636597444828466337e+02,9.515684908837297939e+01
2.671629479753314627e+02,1.234256673251933591e+02,1.621175436418149047e+02,2.575690917993451876e+02,3.323341151661322215e+02,4.398270221566181135e+02,1.794633189937358679e+02,3.461790941108423425e+01,2.225396246574049144e+02,1.805028596053747947e+02,2.641688063165518088e+02,9.124033610327141730e+01
2.686137173643838878e+02,1.239788841694814323e+02,1.653135214729182962e+02,2.519051957256774870e+02,3.340231490109371748e+02,4.439281137004036282e+02,1.868969307876496657e+02,3.526177162839590551e+01,2.260428112082508676e+02,1.825352139093222945e+02,2.646798236247261684e+02,8.964868081664567967e+01
2.611933979553289191e+02,1.133079753452363576e+02,1.499571534902899543e+02,2.191239123345407620e+02,3.223749165845060816e+02,4.271326493017219832e+02,1.802225735773122324e+02,3.332887230287226998e+01,2.177451858868938359e+02,1.706369679258411622e+02,2.556310544743677724e+02,8.751216770365213904e+01
2.561637249924594926e+02,1.130336545885044188e+02,1.494461198155786406e+02,2.285000807791898296e+02,3.217534089567885758e+02,4.226872512340768822e+02,1.819205294873540595e+02,3.434736315362574999e+01,2.180008340657481938e+02,1.695613971323387545e+02,2.540270559509959014e+02,8.917483904552946683e+01
2.517364192874804587e+02,1.124246747028256266e+02,1.516436598984707871e+02,2.221116197230101363e+02,3.313025132795457353e+02,4.291751538872321703e+02,1.847947053017134635e+02,3.489579835678901532e+01,2.196318747924486843e+02,1.692523360868247835e+02,2.599063507542637126e+02,9.067566025770743465e+01
2.585786432813159763e+02,1.122002614260183577e+02,1.523759610092995729e+02,2.303900455738307471e+02,3.225796967331497740e+02,4.257556658326504362e+02,1.823244512850146464e+02,3.461927612748941385e+01,2.183472539151615308e+02,1.697800586530231044e+02,2.625518349988610680e+02,9.024743480430517195e+01
